acestei	pozitii	lucide		acesteipozitii	pozitiilucide	lucide	None	
la	tribuna		in	latribuna	tribuna	in	None	
in	mod	asa	-	inmod	modasa	asa-	None	
citeaza	doi	americani		citeazadoi	doiamericani	americani	None	
exacte		ai	pentagonului	exacte	ai	aipentagonului	None	
peste	textul	al	pentagonului	pestetextul	textulal	alpentagonului	None	
de	agentia	iugoslava	tanjug	deagentia	agentiaiugoslava	iugoslavatanjug	None	
ale	altor	occidentali		alealtor	altoroccidentali	occidentali	None	
premierului	.	din	cadrul	premierului.	.din	dincadrul	None	
ieri	doi	ai	mapn	ieridoi	doiai	aimapn	None	
au	cerut	statutul	de	aucerut	cerutstatutul	statutulde	None	
a	tribunei		a	atribunei	tribunei	a	None	
de	un	al	federatiei	deun	unal	alfederatiei	None	
potrivit	agentiei	taniug		potrivitagentiei	agentieitaniug	taniug	None	
.	agentia	taniug	anunta	.agentia	agentiataniug	taniuganunta	None	
plins	un	al	nato	plinsun	unal	alnato	None	
potrivit	unor	guvernamentali		potrivitunor	unorguvernamentali	guvernamentali	None	
un	inalt	american		uninalt	inaltamerican	american	None	
aflat	ca	de	la	aflatca	cade	dela	None	
93	inregistrati		din	93inregistrati	inregistrati	din	None	
loc	prezentarea	a	echipelor	locprezentarea	prezentareaa	aechipelor	None	
fi	anuntate	cu	o	fianuntate	anuntatecu	cuo	None	
de	agentia	taniug	.	deagentia	agentiataniug	taniug.	None	
in	vizite		concedii	invizite	vizite	concedii	None	
un	semn	privind	numirea	unsemn	semnprivind	privindnumirea	None	
.	desi	este	negata	.desi	desieste	estenegata	None	
fost	exclusa	din	competitie	fostexclusa	exclusadin	dincompetitie	None	
la	tribuna		ci	latribuna	tribuna	ci	None	
finale		ai	cotrocenilor	finale	ai	aicotrocenilor	None	
la	tribuna		ci	latribuna	tribuna	ci	None	
unei	ceremonii		pe	uneiceremonii	ceremonii	pe	None	
echipe	de	onu	pe	echipede	deonu	onupe	None	
declaratiilor	unor	britanici		declaratiilorunor	unorbritanici	britanici	None	
ca			resping	ca		resping	None	
.	un	american		.un	unamerican	american	None	
in	mod		nato	inmod	mod	nato	None	
nici	un	al	mi	niciun	unal	almi	None	
despre	care	ai	mi	desprecare	careai	aimi	None	
in	calendarele	drept	ziua	incalendarele	calendareledrept	dreptziua	None	
si	creditorii		exista	sicreditorii	creditorii	exista	None	
finantarii	externe	si	intreruperii	finantariiexterne	externesi	siintreruperii	None	
stie	nimic	in	acest	stienimic	nimicin	inacest	None	
vreo	precizare	privind	modul	vreoprecizare	precizareprivind	privindmodul	None	
cunoastem	nimic	referitor	la	cunoastemnimic	nimicreferitor	referitorla	None	
	declaratiei	de	razboi	declaratiei	declaratieide	derazboi	None	
spunea	un	american	dupa	spuneaun	unamerican	americandupa	None	
.	un	din	cadrul	.un	undin	dincadrul	None	
un	raport	catre	superiorii	unraport	raportcatre	catresuperiorii	None	
nu	exista	inainte	de	nuexista	existainainte	inaintede	None	
.	un	al	nato	.un	unal	alnato	None	
	discursul	al	rebelilor	discursul	discursulal	alrebelilor	None	
ce	un	al	nato	ceun	unal	alnato	None	
un	alt	al	nato	unalt	altal	alnato	None	
e	inca	confirmat		einca	incaconfirmat	confirmat	None	
in	mod	responsabilitatea	de	inmod	modresponsabilitatea	responsabilitateade	None	
unor	surse		dupa	unorsurse	surse	dupa	None	
anuntat	nimic		se	anuntatnimic	nimic	se	None	
in	cadru		varianta	incadru	cadru	varianta	None	
al	agentiei	tanjug		alagentiei	agentieitanjug	tanjug	None	
	numite		ratiile	numite	numite	ratiile	None	
va	reuni	ai	celor	vareuni	reuniai	aicelor	None	
afirmat	un	german		afirmatun	ungerman	german	None	
contravin	pozitiei	a	bulgariei	contravinpozitiei	pozitieia	abulgariei	None	
mai	multi	ai	administratiei	maimulti	multiai	aiadministratiei	None	
	convorbirile	cu	presedintele	convorbirile	convorbirilecu	cupresedintele	None	
in	mod	sa	evite	inmod	modsa	saevite	None	
de	inalti	militari		deinalti	inaltimilitari	militari	None	
	reprezentantii	ai	nato	reprezentantii	reprezentantiiai	ainato	None	
privind	pozitia	a	presedintelui	privindpozitia	pozitiaa	apresedintelui	None	
fi	prezenti	si	noii	fiprezenti	prezentisi	sinoii	None	
poate	arata		pina	poatearata	arata	pina	None	
	neconfirmate		intre	neconfirmate	neconfirmate	intre	None	
o	confirmare	.	purtatorul	oconfirmare	confirmare.	.purtatorul	None	
romania	insarcinat	de	catre	romaniainsarcinat	insarcinatde	decatre	None	
potrivit	agentiei	iugoslave	de	potrivitagentiei	agentieiiugoslave	iugoslavede	None	
.	un	al	aliantei	.un	unal	alaliantei	None	
au	exprimat	regretele	pentru	auexprimat	exprimatregretele	regretelepentru	None	
in	inscrisuri		uz	ininscrisuri	inscrisuri	uz	None	
in	inscrisuri		uz	ininscrisuri	inscrisuri	uz	None	
industria			se	industria		se	None	
loc	deschiderea	a	primei	locdeschiderea	deschidereaa	aprimei	None	
fi	lansat	si	primul	filansat	lansatsi	siprimul	None	
putea	reveni	ca	antrenor	puteareveni	revenica	caantrenor	None	
unor	surse	de	la	unorsurse	sursede	dela	None	
daca			responsabili	daca		responsabili	None	
fost	recunoscuta		simbata	fostrecunoscuta	recunoscuta	simbata	None	
la	tribuna	alaturi	de	latribuna	tribunaalaturi	alaturide	None	
citiva	inalti	francezi	au	citivainalti	inaltifrancezi	franceziau	None	
efectuat	vizita	in	statele	efectuatvizita	vizitain	instatele	None	
-	regulamentele	ale	federatiei	-regulamentele	regulamenteleale	alefederatiei	None	
.	aprobarea	primita	recent	.aprobarea	aprobareaprimita	primitarecent	None	
in	mod	conflictele	de	inmod	modconflictele	conflictelede	None	
	surse	de	la	surse	sursede	dela	None	
.	surse	au	lasat	.surse	surseau	aulasat	None	
moarte	.		se	moarte.	.	se	None	
plan	.		nato	plan.	.	nato	None	
valabilitatea	pozitiei	a	nato	valabilitateapozitiei	pozitieia	anato	None	
vazuti	inalti	iugoslavi		vazutiinalti	inaltiiugoslavi	iugoslavi	None	
	legaturi		cu	legaturi	legaturi	cu	None	
pd	sustine	retrocedarea	a	pdsustine	sustineretrocedarea	retrocedareaa	None	
o	receptie	si	alte	oreceptie	receptiesi	sialte	None	
si	alti		cu	sialti	alti	cu	None	
comunicat	nimic	despre	numarul	comunicatnimic	nimicdespre	desprenumarul	None	
.	agentia	sirba	taniug	.agentia	agentiasirba	sirbataniug	None	
sindicatele	informeaza	guvernul	despre	sindicateleinformeaza	informeazaguvernul	guvernuldespre	None	
sindicatele	informeaza	guvernul	despre	sindicateleinformeaza	informeazaguvernul	guvernuldespre	None	
sindicatele	informeaza	guvernul	despre	sindicateleinformeaza	informeazaguvernul	guvernuldespre	None	
.	surse	din	banca	.surse	sursedin	dinbanca	None	
.	pozitia	a	gruparii	.pozitia	pozitiaa	agruparii	None	
de	lei		tudorel	delei	lei	tudorel	None	
cu	cortegiile		relateaza	cucortegiile	cortegiile	relateaza	None	
fost	instiintata	despre	intreruperea	fostinstiintata	instiintatadespre	despreintreruperea	None	
in	mod	de	intreruperea	inmod	modde	deintreruperea	None	
il	conduce	.	liderii	ilconduce	conduce.	.liderii	None	
la	revenirea	pe	terenul	larevenirea	revenireape	peterenul	None	
a	resedintelor	si	personale	aresedintelor	resedintelorsi	sipersonale	None	
serie	de	si	analisti	seriede	desi	sianalisti	None	
ieri	un	al	aliantei	ieriun	unal	alaliantei	None	
insista	ca	nu	este	insistaca	canu	nueste	None	
in	inscrisuri		abuz	ininscrisuri	inscrisuri	abuz	None	
in	vizita	in	romania	invizita	vizitain	inromania	None	
cei	doi		george	ceidoi	doi	george	None	
in	comunicatul	remis	publicitatii	incomunicatul	comunicatulremis	remispublicitatii	None	
.	comunicatul	de	simbata	.comunicatul	comunicatulde	desimbata	None	
.	un	american	prezent	.un	unamerican	americanprezent	None	
o	invitatie	de	aderare	oinvitatie	invitatiede	deaderare	None	
ca	radioul		radio	caradioul	radioul	radio	None	
a	spus	adio	burlaciei	aspus	spusadio	adioburlaciei	None	
.	un	care	a	.un	uncare	carea	None	
de	politica	a	autoritatilor	depolitica	politicaa	aautoritatilor	None	
de	politica	de	la	depolitica	politicade	dela	None	
.			in	.		in	None	
in	mod		nato	inmod	mod	nato	None	
a	inceput	procesul	de	ainceput	inceputprocesul	procesulde	None	
in	mod	de	catre	inmod	modde	decatre	None	
.	un	american	a	.un	unamerican	americana	None	
potrivit	inaltilor	ai	g	potrivitinaltilor	inaltilorai	aig	None	
pe	cladirile	din	belgrad	pecladirile	cladiriledin	dinbelgrad	None	
fost	declaratii	ale	guvernului	fostdeclaratii	declaratiiale	aleguvernului	None	
	declarate	de	guvernul	declarate	declaratede	deguvernul	None	
in	actele	ale	directiei	inactele	acteleale	aledirectiei	None	
.	varianta	a	povestii	.varianta	variantaa	apovestii	None	
considerare	suma	de	750	consideraresuma	sumade	de750	None	
declarat	surse	din	minister	declaratsurse	sursedin	dinminister	None	
fie	declarat	.		fiedeclarat	declarat.	.	None	
pentru	persoanele		a	pentrupersoanele	persoanele	a	None	
a	anuntat	cimpeanu	.	aanuntat	anuntatcimpeanu	cimpeanu.	None	
perspectiva	confruntarilor	.	nu	perspectivaconfruntarilor	confruntarilor.	.nu	None	
schimburile	comerciale	cu	iugoslavia	schimburilecomerciale	comercialecu	cuiugoslavia	None	
.	varianta		transmisa	.varianta	varianta	transmisa	None	
fost	recunoscuta	sub	nici	fostrecunoscuta	recunoscutasub	subnici	None	
in	istoria	a	romaniei	inistoria	istoriaa	aromaniei	None	
	politica		dar	politica	politica	dar	None	
mai	multi	ai	uniunii	maimulti	multiai	aiuniunii	None	
nato	recunoaste	ca		natorecunoaste	recunoasteca	ca	None	
umane	.	ai	aliantei	umane.	.ai	aialiantei	None	
sa	spuna	daca	sustine	saspuna	spunadaca	dacasustine	None	
insa	lansarea	a	unui	insalansarea	lansareaa	aunui	None	
ca	banii	sint	dificil	cabanii	baniisint	sintdificil	None	
trei	meciuri	in	cadrul	treimeciuri	meciuriin	incadrul	None	
ca	resedintele	de	la	caresedintele	resedintelede	dela	None	
handicap	surse	din	cadrul	handicapsurse	sursedin	dincadrul	None	
ultimul	meci	a	fost	ultimulmeci	mecia	afost	None	
lucescu	revine	la	un	lucescurevine	revinela	laun	None	
o	declaratie	a	cartierului	odeclaratie	declaratiea	acartierului	None	
in	mod	ca	se	inmod	modca	case	None	
sa	anunte	pd	in	saanunte	anuntepd	pdin	None	
a	retras	din	activitatea	aretras	retrasdin	dinactivitatea	None	
declarat	un	al	nato	declaratun	unal	alnato	None	
primul	inalt	rus	care	primulinalt	inaltrus	ruscare	None	
potrivit	cifrelor		30	potrivitcifrelor	cifrelor	30	None	
o	invitatie	si	din	oinvitatie	invitatiesi	sidin	None	
ca	un	de	la	caun	unde	dela	None	
romania	opereaza	cinci	servicii	romaniaopereaza	opereazacinci	cinciservicii	None	
urma	coloana	spre	patriarhie	urmacoloana	coloanaspre	sprepatriarhie	None	
ecu	.	ai	consiliului	ecu.	.ai	aiconsiliului	None	
urgenta	cu	ai	statelor	urgentacu	cuai	aistatelor	None	
o	declaratie		nici	odeclaratie	declaratie	nici	None	
in	programul	ca		inprogramul	programulca	ca	None	
la	resedinta	a	sfintului	laresedinta	resedintaa	asfintului	None	
loc	instalarea	a	lui	locinstalarea	instalareaa	alui	None	
anuntat	ieri	ca	derby	anuntatieri	ierica	caderby	None	
un	meci			unmeci	meci		None	
un	inalt	al	pentagonului	uninalt	inaltal	alpentagonului	None	
	resedinta	a	sanctitatii	resedinta	resedintaa	asanctitatii	None	
la	resedinta	a	sfintului	laresedinta	resedintaa	asfintului	None	
ca	reprezentant	al	bisericii	careprezentant	reprezentantal	albisericii	None	
de	invitatie	la	festivitatile	deinvitatie	invitatiela	lafestivitatile	None	
